142.276494433379,12.7250177984678,0.0053839207099751,-0.00160490567117746
179.513037374254,-98.5935836208228,-0.316029197183571,0.0841773776218405
-7372.36361080856,169345.546668941,-80.685906643104,35.3571106925765
2111.01027932409,-2595.46191761385,1.61722271017335,-0.676465441675672
773.61865898073,7902.75761747134,-5.31756558343663,2.05202334907295
-364.93581397957,-21877.2684401891,23.2913232253013,-5.50492045684741
2.85134520194885,0.0418858651032133,-5.33583758829708e-05,9.81316613599413e-06
0.0418858651032128,7.19123705642874,-0.00378626041164687,0.00156879098625358
-53.3583758938413,-3786.26041241822,103.561545424515,-0.947637488118666
980.711985321106,156842.138624387,-94.7239836531249,39.8436401310353
161.196623137143,18.1876842696438,0.00238154345236645,-0.00111761072294247
-8.75557353317939,-31.9158935716709,-0.292873727901585,0.0937775314485757
-7442.35576754126,253776.497743926,-90.6017975082188,42.6481133832342
2912.95969492681,-5396.86017058159,2.38403944536403,-1.08829093746994
941.683617435359,8941.41628113046,-4.32399398206315,1.84142186941912
-229.887800435408,-27161.1623268458,19.9036620011991,-5.41827528401746
3.10104704051929,-0.0559864559677208,-2.98697603371103e-05,-1.45788785048463e-07
-0.055986455967715,12.8024704014163,-0.0050764965835893,0.00231865072742071
-29.869760343196,-5076.49658462351,103.273487658789,-1.00645826443707
-17.719614152566,231511.181281692,-100.383931479685,46.5162939934073
81.2252110792409,-53.3153360308257,0.00132695423481199,0.00341711004952028
-121.427930262648,294.709183022806,-0.0648066624910115,0.0936634080884515
1458.19009433457,335170.384874285,-19.1409467577131,41.7407359105794
1850.71088521901,-11248.5250196671,0.672910804623921,-1.2774639124511
288.197271827913,10599.1139910414,-0.801227674465024,1.61725416153785
74.6874484797191,-36223.5366644205,3.95736282141614,-5.18767839310064
1.17655687301589,-0.442122819702742,4.98860894466904e-06,1.74859230717117e-05
-0.442122819702739,23.3548439954571,-0.00146092184034984,0.00305882472410416
4.98860894568526,-1460.92184064747,100.140753794303,-0.207257380103888
1751.82273349461,303783.174512051,-20.4941648261869,44.3787174511782
-2.1213002283911,-43.6119516982034,3.43328579078607e-11,0.00785396382238552
-29.0084923255667,658.749378284782,-1.31453885010411e-08,0.0657466162917913
2350.18323691689,396642.323924371,-4.70541791161887e-06,33.3782621224141
-1.82819550887399,-17693.4918257965,2.02061517413504e-07,-1.27454970950992
1.37819070640147,13041.3622600263,-1.77242621295522e-07,1.24271822248877
-13.5677923470012,-46307.1123200053,5.54028872048638e-07,-4.3070385042306
0.934139707197989,0.0425085719004691,-1.69921815352127e-12,4.19688830334124e-06
0.0425085718908038,37.0387588529386,-4.38697718360993e-10,0.0031376123286567
-1.69921815348109e-06,-0.000438697718450367,100,-3.95974227434637e-08
417.754552119173,307296.470635274,-3.88256759877991e-06,29.7259605842145
-5.32939868295514,-7.79504306641473,-9.95783261493099e-09,0.00841963503329242
-55.5900731809626,829.340832720458,-5.97871548568208e-08,-0.00125160300283265
2889.47621268926,383252.599449172,-2.33437566379675e-05,13.5088813416312
52.0166531065364,-22304.948441978,1.07765532602158e-06,-0.50925543659116
-47.7195190288154,17241.140000197,-1.13935229200333e-06,0.590930873763857
61.6305052463304,-59657.4704503188,3.56413755112312e-06,-2.30311505617444
0.745635889077328,-0.0670773319275879,5.4593977583339e-13,6.84520853979865e-07
-0.0670773319275879,52.294458829144,-3.10508856816965e-09,0.00174231473120294
5.4593977594457e-07,-0.00310508856880223,100,-1.22669776908339e-07
81.2419353095516,161114.439609032,-1.1483435334453e-05,7.92746589583996
-7.30167802075602,-7.58460166291202,-1.016258169778e-06,0.00538208537564186
-158.432189245569,551.015952937996,4.13715729494756e-05,-0.0107660554845532
6447.76631150506,331122.544293667,0.0104396765491899,9.83972915738805
395.981431068631,-20711.9204966254,-0.000753350830997701,-0.38455665308553
-235.482941047657,17009.83364553,0.000650179876947456,0.525997927078549
577.15027597346,-60782.2665246259,-0.00338441120837801,-2.11623561048021
0.893138967059437,-0.404064542774377,-1.6922033556745e-08,-5.45756324228136e-07
-0.404064542774377,49.630830624318,1.72371835432343e-06,0.00148807879047381
-0.0169220335601925,1.7237183546746,100.000000084279,5.50110079851577e-05
51.9083223824804,137343.758926636,0.00485566267331328,6.25114259858058
-7.30107252585347,-7.70634302331115,-0.000262024068398535,0.00329807942733291
-447.136994144124,156.547733978372,0.00257169920567935,-0.0136669526115804
-23072.4997134117,285844.608920854,0.658570275635732,10.1306389412763
3154.40084896412,-14499.0425079413,-0.0513098715164077,-0.264603209045801
-3184.37751687767,17023.042375239,0.0436547868100687,0.706479944228214
8060.03073795979,-59745.0449184169,-0.196034232164556,-2.62572919158539
2.55499724168675,-5.64512641009501,-1.55638011783755e-05,-0.000207149118148696
-5.64512641009501,40.9650029321125,9.44031631497303e-05,0.0016661308953659
-15.5638011815462,94.4031631689626,100.000302488454,0.00327094320781861
-19901.9532718635,160510.444544317,0.306972471726,8.42262174651326
-15.5192191536245,-4.92657161743664,-0.00169085752951281,0.000415020738778849
-253.654404604893,-154.721399890391,0.0322713015667583,-0.0141400218952977
-99171.9206437214,159819.507050848,3.50793942205329,6.77526917223314
1073.56483350803,-974.460355791905,-0.287864082286998,0.0462910765508855
-10526.1903905834,12618.2828990152,0.379671154032292,0.54048528485953
35466.8670852142,-53184.1252525091,-0.701497817392656,-2.48549154109727
14.4049509784783,-17.1700647907965,-0.000225855102951081,-0.000828872366606878
-17.1700647907965,27.0734671597465,0.000283845566596696,0.00123410880607923
-225.855102997093,283.845566654523,100.012653292984,0.0105379152570125
-82141.7014476437,122287.394162437,1.03926318778334,5.96057087520267
-4.37270483940998,-2.13823756829626,-0.000313164975579254,2.53476556553498e-06
-80.3922865549188,-55.2261664862965,0.00599258648629807,-0.000159409648412096
-9496.84188397008,15888.9815016551,0.321295345592733,0.121109945630159
-2928.66540137224,3256.32785326065,-0.0635805689405353,0.0295646218724544
-4649.95895324452,3501.04203207773,0.108288479789365,0.0344427060443211
37423.9010851955,-59236.5775127136,-0.182993082583906,-0.486584001972532
13.9937347993332,-17.3463846440816,-5.90024386244826e-05,-0.000141683633218916
-17.3463846401375,29.8297801660884,5.42004523021151e-05,0.000224820705147261
-59.0024386230873,54.2004523131572,100.00242540969,0.000493292953171372
-14134.906704626,22428.8307020728,0.049167763082611,0.18987786317485
0,0,0,0
0,0,0,0
0,0,0,0
0,0,0,0
0,0,0,0
0,0,0,0
0,0,0,0
0,0,0,0
0,0,0,0
0,0,0,0
