-300,-50,0.0833781368491576,20,0,2.01006529501112e-07,1355.34034279056,0.0500002826356756,0.0872603938564099,-0.0716326346109571
-296.817379785636,-49.6448392532587,0.0532576736443792,19.9473159519623,0.230193944803534,-0.137077984946952,1690.65877697214,348.983698429842,0.056191585096199,-0.0449586737420582
-293.634749494282,-49.2895261170065,0.0210199558135116,19.8948124154853,0.461346432826275,-0.275230650277178,2025.97663148264,697.915701805624,0.0252798344273831,-0.0232381644400785
-290.451493079079,-48.9315380011848,-0.012767028396088,19.8449580649031,0.705121066265684,-0.408491460592541,2361.29389693757,1046.84724059138,0.00502840687999927,-0.00205563518572972
-287.267927155051,-48.5724029468105,-0.0523756217000385,19.7959551968868,0.952408724286249,-0.537956276061767,2696.61115546228,1395.77812971327,6.71965805088571e-08,0.0176262197134339
-283.999663237689,-47.9774485412371,-0.114212021993794,19.9289312025028,1.69880503614866,-0.539362797291159,3031.92329074804,1744.69371484804,0.00221129744795287,0.0326121467266452
-280.730912246099,-47.3810210392936,-0.171786979011648,20.0629056576014,2.4462227444441,-0.546443937026967,3367.23548240011,2093.43340043425,6.5594091987647e-08,0.0484391366577647
-277.462076212863,-46.7569070208807,-0.230042471218023,20.1857722033693,3.29469721079735,-0.471420439398045,3702.50826902039,2375.95035149272,2.44762536969938e-06,0.0582641370828112
-274.192233514851,-46.1315765445124,-0.28958732891429,20.3120401966959,4.13820735843276,-0.415607015043971,4037.61959798459,2791.38671763736,1.21669662532701e-07,0.0661459017949993
-270.727486838951,-45.1338526914341,-0.306748268705983,20.7160687789742,4.95076290361473,-0.182929113454649,4313.62584789868,2999.04939176763,0.00207694064650672,0.0331337260123982
-267.261474030016,-44.133985956598,-0.314159250281501,21.1195280799638,5.77098060877969,0.130762895207336,4589.57738570611,3109.7938293785,0.0178546705145139,0.00712633450947331
-263.782249470144,-43.1201605062473,-0.312226035997099,21.6081637825422,6.37533951980054,0.171263410601203,4904.49601306921,3485.45743122817,0.0238180383127248,-0.0179494809403749
-260.29771135473,-42.1092618643901,-0.314159254133736,22.1258564246754,6.95819661984029,0.0871107325362706,5258.75741198253,3825.29953945323,0.00263294298450859,-0.0458494274017071
-256.493028228883,-40.9000963210131,-0.311948447139361,22.7775357444577,7.08891502855548,-0.021229628744901,4997.79853328922,4183.09982913669,2.61576499081977e-06,-0.0590410228276952
-252.68290306687,-39.6883983930036,-0.314159247283468,23.4074460120858,7.24570376651158,-0.0346587047997407,4692.06338379783,4540.89907054014,1.45909657490785e-06,-0.0705810109356963
-248.861971645344,-38.4876343324337,-0.314159243918363,23.9651739295132,7.42953627578485,-0.0184808363754508,4492.93508968564,4880.95350895183,3.63213151477162e-07,-0.0819433986933142
-245.037062096674,-37.2877463305883,-0.313828195758792,24.5260200461433,7.59159377005772,-0.0610636847285316,4293.85170294054,5220.98137413213,1.85119931838234e-06,-0.0913685333851519
-240.904919790122,-36.0530029065383,-0.314159247562401,24.9575659641853,7.528569793398,-0.0874920084771538,4004.47252796204,5569.87527523003,4.29612287825495e-07,-0.0976805977273914
-236.770143066172,-34.8146748253415,-0.314159216897703,25.3811927214306,7.49971477458459,-0.0172299443868862,3714.84643623238,5918.79377507245,1.82237008541833e-06,-0.110347421818156
-232.639495344018,-33.5802367387879,-0.314159210017818,25.805807783946,7.47340848680765,0.0640288263770155,3425.15960192575,6267.71624866072,6.43965150488694e-07,-0.114980302559197
-228.505566645495,-32.3455780269619,-0.314159248228263,26.2371279567149,7.4112821368851,0.0494860242700572,3135.47246026402,6616.64033419799,1.70241861937164e-06,-0.119922751835921
-224.137478818186,-31.1587102035796,-0.31409666053196,26.4880413800361,7.29291094335659,0.0263381607820665,2845.78549115088,6965.56566101127,6.88816469365309e-07,-0.132470994799271
-219.766295340255,-29.9727344041796,-0.314159244525803,26.7378516464555,7.16966926205791,-0.00253904924335923,2556.09917583311,7314.48930215929,2.51083845406631e-06,-0.140706452484874
-215.3980038306,-28.7621274344296,-0.314159225791037,27.0056023834294,7.10583353328891,-0.0481483109345617,2266.41242954331,7663.41268117938,6.89822465112811e-07,-0.156746731198038
-211.027235112077,-27.5529625084684,-0.314159226777267,27.264516141306,7.06535808011828,0.00781535447663732,1976.72366732387,8012.33585101699,1.64877514530548e-05,-0.175968708435097
-206.49813067029,-26.3967561367882,-0.314159232571793,27.4015221618376,6.99795109985839,0.063442219795492,1687.03527848043,8361.25861248671,7.17029774693646e-07,-0.192023743572918
-201.967617055912,-25.2427181888562,-0.314159245255448,27.5379791029428,6.90716197396043,-0.00233421327327838,1397.34612584456,8710.18175562155,2.384055075222e-06,-0.207462907074191
-197.425014310301,-24.0898139703563,-0.313684201774451,27.6945544221041,6.70364729403603,-0.0507179262917579,1107.67599163161,9059.02028997628,6.70252690469569e-06,-0.227137587854903
-192.883274240743,-22.9366520674632,-0.314159252209072,27.8443404495462,6.50789053162101,-0.0742652590675081,818.127256880774,9407.51225879134,0.0201492447593159,-0.241641890230224
-188.245518512198,-21.8475743783929,-0.313894015178588,27.8643194050501,6.36585133738348,-0.0967634747806329,576.147913472285,9629.24643212401,0.103081494267014,-0.258013950131218
-183.609246637568,-20.7589444704952,-0.314159237227876,27.8733834679009,6.24230845472287,-0.0108468360542642,269.240260764427,9851.00464330144,0.166771194782815,-0.280058352463001
-178.961869291231,-19.6836669034658,-0.30825289661599,27.8611071839408,6.16699551648688,0.187963775433893,95.122296623302,9961.28011559775,0.21128593797246,-0.30010695644454
-174.316980406013,-18.6183353391182,-0.286853170612925,27.8559187356292,5.96855966740092,0.304496560784357,0.00619721188988062,9999.99984297535,0.255760964055757,-0.320654181108288
-169.641778621434,-17.6768959190042,-0.250055994439195,27.7354844582456,5.36471080343879,0.219215884084941,11.3424162692286,9999.99976508904,0.314643569783998,-0.347313634460662
-164.970179376441,-16.7656538115011,-0.230218635720562,27.5925368092402,4.80126408822507,0.166353994788493,1.75868657533765,9999.99887027163,0.373562192708271,-0.371460840073191
-160.295160329369,-15.8849624256983,-0.207347962966731,27.425293024463,4.26699831264585,0.276288094521156,0.953805378287163,9999.99984197497,0.432489840509167,-0.397420654711191
-155.628998719111,-15.0157868926027,-0.174224485562786,27.2485401757909,3.74400731329742,0.305551680106218,13.1822105485767,9999.99961376767,0.491421837069949,-0.424991779307086
-151.013672467247,-14.3945158141263,-0.147896830691295,26.8730946399181,3.02214287974831,0.115202557265129,0.0161818075475152,9999.99955028753,0.550283340954404,-0.448632499096982
-146.408629868762,-13.78002363173,-0.137303962675907,26.4942679018525,2.39579134656615,0.00997854517860084,23.5759042927251,9995.85964454165,0.609148881625561,-0.472625497903903
-141.80978292069,-13.1872990780209,-0.129108810979495,26.1027612117202,1.92360077539957,0.104695253961271,36.5073611744662,9999.99985091233,0.668010937848903,-0.497887272859311
-137.219933903492,-12.58182816509,-0.111457988986907,25.7223241354542,1.44690661684473,0.140279639133861,0.01235577114424,9999.8794201796,0.72687466624517,-0.52288809782002
-132.759676284521,-12.1723319619987,-0.105595134966378,25.2288624515969,1.20176307039943,0.0826066473565583,28.1336397324214,9799.67457353261,0.785663551181563,-0.523598725588737
-128.306030176399,-11.7611847003331,-0.109783564641037,24.7480324571617,0.903293382954395,-0.135030061091541,55.0624353632454,9879.09391895075,0.844456125825758,-0.523598761100425
-123.856065711915,-11.3341739050922,-0.134732046137179,24.296620901164,0.774985271974669,-0.397846706147038,20.1156610816718,9922.47963543887,0.903246501555378,-0.523595295995374
-119.405690645222,-10.8796439935412,-0.178466957490256,23.8823198803645,0.955754702649672,-0.247856413305608,0.0231355940056785,9760.5934355107,0.962037290201343,-0.523598749499541
-115.102931438526,-10.4500721185448,-0.18515151333481,23.482445332137,1.39156632122566,0.313748321733133,49.2626244307725,9463.43569359222,1.02095436815844,-0.523598754953705
-110.793419963743,-9.96225110769967,-0.13632264244497,23.0933586856706,1.62618054321442,0.646336992060168,73.2620928409764,9089.72512352274,1.07987151436455,-0.523598756677218
-106.486424453065,-9.48973892020151,-0.0899892623751065,22.6652617819094,1.35729604147546,0.206936919885584,50.0615090901516,8834.41158851416,1.13878918497967,-0.523598748346167
-102.173971816587,-9.02093345492319,-0.0870651371861071,22.2233705945333,0.964294928633423,-0.32599072868139,31.2730315559039,8655.98803028913,1.19770818783108,-0.523598721046819
-98.0148208173669,-8.60893523475102,-0.100551043102683,21.7848798708123,0.890281005492164,-0.191765929266747,81.4146031425123,8380.21794000618,1.25662431389462,-0.523598753083731
-93.8516758515449,-8.19359797462578,-0.0965759419267989,21.3457984861649,0.881648331491715,0.143836853978353,145.790071851898,8104.18441920365,1.31555780106936,-0.523598759619068
-89.6981434580377,-7.78803551967895,-0.0696049390870727,20.9085029903371,0.876141053493655,0.384983848577071,102.189510784963,7872.4247527714,1.37447531836429,-0.523598755865843
-85.5407356272509,-7.38771804360306,-0.0428685144795389,20.471288772053,0.803027051811473,0.410425008617399,16.2160554727532,7640.65708987961,1.4333807657662,-0.522475762136813
-81.5385339900804,-7.04168562387878,-0.0229094035765805,20.0132797989843,0.53324024362892,0.147789735421055,164.201174578932,7364.57526211669,1.48535403681695,-0.51434124166422
-77.5319102694948,-6.69462053789801,-0.0061230186528743,19.5564230193478,0.33542191826724,0.134398729662481,402.117567304341,7088.5033974271,1.54095928158954,-0.523598758138551
-73.5377057559891,-6.34932890337698,0.0195893502782439,19.0931370554615,0.21964550044593,0.266406886815974,755.490978789282,6812.428021959,1.55827543740242,-0.523598742078413
-69.5392328207058,-6.009428983248,0.0435698882810137,18.6365136238418,0.00121226217012058,0.0700419709711326,1066.42247739762,6536.35347712767,1.57079586027672,-0.485824838104116
-65.7070962155069,-5.7950067566999,0.0644411512986186,18.1779765062527,-0.337008799145532,-0.0465774991692965,1401.66813013607,6260.27721529939,1.57079577798764,-0.454316610675095
-61.8662556473785,-5.58326304523023,0.0753316733950941,17.739423036991,-0.535514517072392,0.221679377181478,1736.97799542578,5984.20101286083,1.57079607117722,-0.466386794290198
-58.0235827497422,-5.33004139623633,0.121611393644559,17.3350748004534,-0.677820955672871,0.714832252197891,2072.29034142629,5708.12530841671,1.57079603721529,-0.502021810449385
-54.1732312169887,-5.07161503697993,0.216520149958971,16.8952890095788,-0.972926079163444,1.04638470667355,2407.60127489392,5432.04972009759,1.57079617568121,-0.523598750436908
-50.5905806709362,-5.02496812924999,0.339192141855106,16.0198346748936,-1.61252656943712,0.903576932255346,2742.91354046429,5155.97400590878,1.57079620245798,-0.523598744140535
-47.0217197066627,-5.01419615368586,0.41441516110159,15.0460151133105,-2.30761543338315,0.477344894614542,3078.22503350168,4879.89856092849,1.57079624261324,-0.51539542335126
-43.4371241148008,-5.00000008617721,0.452992820250842,14.2076179569776,-2.89894127912643,0.417378581173648,3413.436862664,4603.89358050099,1.57079624687164,-0.503151225827953
-39.8617059891395,-5.00000007024185,0.493024293552563,13.4768828672905,-3.34458592561909,0.817210132708783,3748.23999999276,4328.17599368323,1.57079626425984,-0.490377168793976
-36.7185786613804,-5.16756930205607,0.574815364520823,12.378708058145,-3.5468293350444,1.1243066475503,3933.64652078971,4157.47209387012,1.57079626660836,-0.464635498575773
-33.5767252893544,-5.33803174460066,0.693153750084189,11.2134473442136,-3.79236745374163,1.25178630389942,4119.0449789901,3986.85500948566,1.57079627850276,-0.440956892615882
-30.430741040904,-5.53216854587088,0.855354569889042,9.79650720439986,-4.15935668851232,1.11379487841726,4137.65917588892,3742.77739229373,1.57079627773732,-0.414851867216504
-27.3017982511779,-5.72989803170279,0.999179658480517,8.36036780639597,-4.47245680708095,0.796658504160713,4151.87463312677,3536.45492031997,1.57079627991444,-0.387120834673719
-24.7024355889906,-5.90414293325555,1.00581824035349,7.12378260923065,-4.14308642292707,0.13385095166613,3938.91509826479,3794.93353788075,1.57079627085532,-0.350720423871356
-22.1149330085787,-6.07181186008615,0.981515559684483,5.94265502088566,-3.79445628562768,-0.410963469984349,3719.43653592057,3859.68120126172,1.57079625960465,-0.314766399875539
-19.5661550569327,-6.24029738667335,0.923505228903382,4.85716510373976,-3.32368353320443,-0.781380745288266,3456.66513267767,3681.74712487889,1.5707962425331,-0.277673773968622
-17.0120038043316,-6.39759900434402,0.885357451205247,3.82206377614228,-2.84275863664894,-1.04719750912006,3160.53402593171,3817.30230242716,1.57079621937988,-0.241030624047928
-14.7870157850587,-6.33165405542149,0.766501115134755,3.2519422506193,-2.26181027203597,-1.01506654778279,3435.4688855851,3962.0470814354,1.5707962288996,-0.207761560719794
-12.5571988780947,-6.25685077664899,0.648549938543327,2.65127684362489,-1.69960934089299,-1.04719751309201,3805.19822559464,3930.35019493688,1.57079624230966,-0.174104481417754
-10.3512836237452,-6.16177400861755,0.527826697879556,2.0177806912547,-1.17471798125898,-1.04719745526993,4089.64865339702,4159.83481533323,1.57079625023528,-0.141205795149103
-8.14579173461249,-6.06191110075716,0.406428530555676,1.37241064213867,-0.661025658942428,-1.04719752257203,4323.33079107104,4300.28399360253,1.57079625671697,-0.108567020231333
-6.09569066694546,-5.78837086115731,0.311071002571234,1.0074232559307,-0.417650059940986,-0.985892806675381,4509.76913529151,4530.04499449385,1.57079626222523,-0.0814317348657934
-4.04846073297936,-5.5140099544183,0.216027517955362,0.62668800280519,-0.220959491317132,-1.04719753764002,4761.01793384098,5065.64766694299,1.57079627005404,-0.0543355912784406
-2.02270504045641,-5.24980954922514,0.108066058122953,0.303331278406239,-0.0897105971393476,-0.705264160839264,5153.69368773017,4990.89535986504,1.57079628026042,-0.0271167402888726
0,-5,0,0,0,0,5593.79161957607,4644.41582602135,1.5707963267949,0
